,actual,predicted
0,0.1293,0.12655887
1,0.081499994,0.13500555
2,-0.04670001,0.09661724
3,0.198,-0.00605046
4,0.059999987,0.19279888
5,0.2378,0.08142717
6,0.36700004,0.23175453
7,0.375,0.34106115
8,0.07790002,0.34850544
9,0.20450002,0.09813939
10,0.106500015,0.20152853
11,0.1163,0.122465774
12,0.1687,0.1306783
13,0.24239999,0.17521892
14,0.16180001,0.2402396
15,0.00999999,0.1733408
16,0.05660002,0.049468383
17,0.096000016,0.08821884
18,0.375,0.11977051
19,0.3283,0.35472548
20,0.2087,0.31186566
21,0.1109,0.20971245
22,0.2348,0.12108314
23,0.09179999,0.22638059
24,-0.0010999963,0.110121265
25,0.00999999,0.03270851
26,0.010499999,0.04157473
27,0.00999999,0.041039094
28,0.00999999,0.039821014
29,0.04109998,0.042249173
30,0.101499975,0.0602995
31,0.00999999,0.113281086
32,0.08290002,0.037392363
33,0.00999999,0.097031415
34,-0.041499987,0.039293647
35,0.00999999,-0.0010491684
36,0.2378,0.04179114
37,0.185,0.22867338
38,0.10630001,0.18465918
39,0.056900024,0.117721796
40,-0.041999996,0.07516743
41,-0.008200005,-0.0017459616
42,0.05080001,0.025632307
43,0.020199984,0.073141515
44,0.14650002,0.04744117
45,-0.055900007,0.14244023
46,-0.375,-0.023610726
47,-0.375,-0.26370254
48,-0.2484,-0.25895002
49,-0.2426,-0.1751697
50,0.1317,-0.1656543
51,-0.11020001,0.12553494
52,-0.082700014,-0.061538346
53,-0.176,-0.042252325
54,-0.1388,-0.11146753
55,0.03639999,-0.0832933
56,0.0036000162,0.05296603
57,-0.049000002,0.029359505
58,0.05670002,-0.010612585
59,0.00999999,0.07363598
60,-0.09850001,0.03330289
61,-0.0794,-0.05262749
62,-0.13850002,-0.03833764
63,-0.08290002,-0.082330495
64,-0.048500016,-0.04589414
65,-0.375,-0.018319286
66,-0.1346,-0.25916693
67,-0.16230002,-0.08431998
68,0.00999999,-0.10375455
69,0.01440002,0.029392004
70,0.00999999,0.033113882
71,0.00999999,0.032191336
72,0.00999999,0.031692535
73,0.00999999,0.030297607
74,0.00999999,0.031050012
75,0.00999999,0.03048858
76,-0.036000006,0.027060717
77,-0.011399992,-0.005756043
78,0.1107,0.013995498
79,0.17899999,0.11223431
80,0.1536,0.16824652
81,0.3044,0.14847627
82,0.375,0.27296218
83,0.375,0.3332358
84,0.37220004,0.33031023
85,0.17020002,0.32804355
86,0.10640001,0.16022202
87,0.00999999,0.10786244
88,0.00999999,0.026705325
89,-0.2696,0.023908094
90,-0.2273,-0.18484879
91,-0.09459999,-0.15383278
92,-0.18550001,-0.052574024
93,-0.0316,-0.12159046
94,-0.1714,-0.010701746
95,0.06460002,-0.11788139
96,0.00999999,0.06400019
97,0.08069998,0.018861428
98,-0.070999995,0.07808331
99,-0.13320002,-0.039712183
100,-0.103300005,-0.08575854
101,-0.1339,-0.06235034
102,-0.0075999945,-0.08487973
103,0.00999999,0.007093504
104,-0.1979,0.019649997
105,-0.3025,-0.13642427
106,-0.1545,-0.21627961
107,-0.042400002,-0.11137871
108,-0.1879,-0.02902595
109,-0.117800005,-0.13428709
110,-0.060599998,-0.080360435
111,-0.2539,-0.035286136
112,-0.2744,-0.17999013
113,-0.2965,-0.19516428
114,-0.06930001,-0.20824596
115,0.00999999,-0.04134717
116,-0.0896,0.020357788
117,-0.1032,-0.056911446
118,-0.1997,-0.06559941
119,0.00999999,-0.13661842
120,0.00999999,0.022749245
121,-0.1323,0.020646662
122,-0.16170001,-0.08702058
123,-0.15140001,-0.1104896
124,-0.1519,-0.10208168
125,-0.014800005,-0.103241354
126,0.00999999,0.0018374026
127,0.11819999,0.02146335
128,0.035200015,0.1077535
129,0.00999999,0.04180567
130,-0.083500005,0.020774737
131,-0.03230001,-0.05006609
132,0.0063000172,-0.009964697
133,0.012299985,0.019720316
134,0.00999999,0.025481567
135,0.00999999,0.024651915
136,-0.032599993,0.022811428
137,-0.059099995,-0.009438269
138,-0.029700011,-0.029798739
139,-0.074300006,-0.006107323
140,-0.0029000044,-0.038789548
141,0.04159999,0.015593961
142,-0.027100012,0.050535053
143,-0.017500006,-0.0011763498
144,0.00999999,0.00068449974
145,0.00999999,0.022668913
146,0.00999999,0.024557993
147,-0.014600001,0.026848555
148,0.00999999,0.0063069463
149,0.07720001,0.026184127
150,0.1003,0.08110459
151,0.020299986,0.09957352
152,0.00999999,0.03300494
153,-0.035100013,0.02304697
154,-0.0925,-0.013220184
155,0.0022999942,-0.055804588
156,0.016500011,0.018789098
157,-0.02170001,0.02320093
158,0.00999999,-0.0036748722
159,0.00999999,0.02196242
160,-0.0086000115,0.022028267
161,-0.1058,0.008364782
162,-0.032599993,-0.06728529
163,-0.14590001,-0.012803055
164,-0.2406,-0.09769448
165,-0.05730001,-0.1667423
166,-0.027599998,-0.031789318
167,-0.0938,-0.006287992
168,-0.06270001,-0.057087265
169,-0.043199994,-0.03536991
170,0.00999999,-0.017329395
171,0.00999999,0.025344416
172,0.0397,0.02201517
173,0.08659999,0.0493273
174,0.094699994,0.0829934
175,0.041799992,0.089852974
176,0.00999999,0.0485584
177,0.00999999,0.024552897
178,0.00999999,0.022724569
179,0.09189999,0.022577047
180,0.174,0.089535534
181,0.12540002,0.15571319
182,0.043899983,0.11795358
183,0.12510002,0.051675975
184,0.081499994,0.11892222
185,0.028099984,0.08429928
186,0.081499994,0.040433362
187,0.08589998,0.08335246
188,0.07599999,0.08719486
189,0.17480001,0.08023502
190,0.1213,0.16097867
191,0.0925,0.11710368
192,0.03750001,0.09085858
193,0.04280001,0.041893467
194,0.0899,0.045329377
195,0.030300021,0.085064694
196,0.027500018,0.037521735
197,-0.0738,0.021821022
198,-0.1417,-0.048085324
199,-0.152,-0.100786686
200,-0.1746,-0.11258604
201,-0.015699998,-0.13471776
202,-0.0806,-0.010411978
203,-0.18310001,-0.056333274
204,-0.19340001,-0.12808853
205,-0.13820001,-0.1350385
206,-0.10350001,-0.09760541
207,-0.2841,-0.07155396
208,-0.3644,-0.20521349
209,0.010600001,-0.26239067
210,0.010900006,0.020857751
211,0.00999999,0.016136795
212,-0.011200011,0.014469624
213,-0.17550002,0.0005822629
214,-0.038099997,-0.12672852
215,-0.006199993,-0.018209986
216,0.0063000172,0.008176357
217,-0.09850001,0.012949571
218,-0.2114,-0.07292906
219,-0.11299999,-0.15726025
220,-0.08360001,-0.08179528
221,-0.09440001,-0.054888323
222,-0.1606,-0.063451834
223,-0.1445,-0.11415408
224,-0.018099993,-0.09855245
225,-0.048300013,-0.0030770078
226,-0.1214,-0.02919323
227,-0.08649999,-0.08474759
228,-0.033200003,-0.059872515
229,-0.0767,-0.02226334
230,0.00999999,-0.055098407
231,-0.021500006,0.016820759
232,-0.019299991,-0.009589054
233,-0.02830001,-0.0053756833
234,0.00999999,-0.012369946
235,0.00999999,0.017715275
236,0.00999999,0.015872732
237,-0.0019000098,0.019413784
238,-0.0238,0.009419695
239,0.00999999,-0.009699091
240,0.00999999,0.020928115
241,0.0140000135,0.013342872
242,0.014300019,0.021430537
243,0.00999999,0.02027084
244,0.00999999,0.015470579
245,0.00999999,0.019365102
246,0.00999999,0.020418495
247,0.00999999,0.018003479
248,0.041199982,0.017324433
249,-0.00999999,0.042616904
250,-0.048000008,0.0016091019
251,-0.043299995,-0.02679491
252,0.009200022,-0.020812623
253,0.00999999,0.011777267
254,-0.033599988,0.013936043
255,-0.04940001,-0.020337023
256,-0.08900001,-0.030650966
257,-0.06549999,-0.060401782
258,-0.048500016,-0.040377706
259,-0.018700004,-0.030174516
260,0.00999999,-0.004219964
261,0.00999999,0.013278812
262,0.00999999,0.0119993985
263,0.00999999,0.005665496
264,-0.365,0.0050183684
265,-0.375,-0.2662043
266,-0.1424,-0.2718754
267,-0.16480002,-0.10285717
268,-0.1163,-0.12103678
269,-0.1636,-0.08330101
270,-0.161,-0.11748672
271,-0.15700002,-0.11953857
272,-0.056499995,-0.11556085
273,0.00999999,-0.035827853
274,-0.0007999912,0.013254985
275,0.00999999,0.0070331544
276,0.00999999,0.013679713
277,-0.056900002,0.014797166
278,0.00999999,-0.036152847
279,0.00999999,0.016034827
280,0.026299998,0.008156642
281,-0.0034999922,0.023069993
282,-0.11029999,-6.571412e-05
283,-0.1767,-0.08214898
284,-0.074300006,-0.12714513
285,-0.018700004,-0.05243227
286,-0.13530001,-0.008609377
287,-0.1094,-0.09416554
288,-0.05870001,-0.07551221
289,-0.027200013,-0.03757272
290,0.0036000162,-0.012334451
291,0.00999999,0.012201369
292,0.00999999,0.016523436
293,0.00999999,0.016841188
294,0.00999999,0.0152113885
295,-0.032799996,0.008627772
296,-0.1323,-0.01767739
297,-0.15700002,-0.09199476
298,-0.14620002,-0.11150904
299,-0.1421,-0.10173089
300,-0.1173,-0.097378515
301,-0.078200005,-0.08138949
302,-0.020699993,-0.049529962
303,-0.01250001,-0.008559063
304,-0.025600009,-0.009351969
305,0.059100017,-0.012457229
306,0.0031000078,0.053712934
307,-0.002700001,0.0071520656
308,-0.059000015,0.0051470697
309,0.00999999,-0.036561772
310,0.00999999,0.016029462
311,-0.008400008,0.019898504
312,-0.018700004,0.0049245358
313,-0.0019999892,-0.005449511
314,0.00999999,0.011834711
315,0.00999999,0.014574677
316,0.00999999,0.014970347
317,0.010199994,0.019102782
318,0.00999999,0.019039214
319,0.00999999,0.018925041
320,0.00999999,0.01679501
321,0.00999999,0.01936014
322,0.00999999,0.019137159
323,0.00999999,0.01880841
324,0.00999999,0.018725261
325,-0.02579999,0.018690974
326,-0.0316,-0.006875016
327,-0.06250001,-0.015654244
328,0.00999999,-0.039244585
329,0.00999999,0.017739862
330,0.00999999,0.01817286
331,0.08230001,0.014521256
332,0.00999999,0.077893764
333,0.00999999,0.02218008
334,0.00999999,0.016170949
335,0.00999999,0.019175112
336,0.00999999,0.021281764
337,0.00999999,0.019056156
338,0.021200001,0.02219148
339,0.012999997,0.024792641
340,-0.0070000067,0.018836528
341,0.00999999,0.0026828796
342,0.1111,0.009207666
343,0.375,0.08688994
344,0.2831,0.31164166
345,0.009299979,0.23578186
346,0.00999999,0.0148010105
347,0.00999999,0.018486455
348,0.037100002,0.020475537
349,0.0741,0.040959075
350,0.070999995,0.06853075
351,0.00999999,0.06767933
352,0.00999999,0.017402977
353,0.080100015,0.021931216
354,0.1323,0.076914355
355,0.17080003,0.11652191
356,0.026199996,0.15276808
357,0.02490002,0.032748386
358,0.058400005,0.032671228
359,0.11780003,0.060627133
360,0.056799978,0.10239342
361,0.001300022,0.056352854
362,0.00999999,0.01593411
363,0.00999999,0.022065863
364,0.00999999,0.021296203
365,0.09870002,0.022710443
366,0.08109999,0.09233223
367,0.069500014,0.07515098
368,0.30840003,0.06484835
369,0.24489999,0.26253697
370,0.2747,0.2088452
371,0.20730002,0.23791055
372,0.07609999,0.18104777
373,0.1719,0.07410322
374,0.16240002,0.15296097
375,0.3149,0.14318494
376,0.375,0.26495656
377,0.24739999,0.32012883
378,0.1481,0.20805578
379,0.05739999,0.12855993
380,0.030500025,0.059721664
381,0.00999999,0.038445532
382,0.022799984,0.017278433
383,0.046599984,0.032303497
384,0.090600014,0.049230114
385,0.10610001,0.08409324
386,0.00999999,0.0995691
387,0.042099997,0.022641242
388,0.04169999,0.048111364
389,0.037700012,0.04327829
390,0.00999999,0.037050247
391,0.013700008,0.011849016
392,0.00999999,0.01792641
393,0.00999999,0.014606461
394,0.00999999,0.011908874
395,-0.010900006,0.016716823
396,0.00999999,0.0032076985
397,-0.022700004,0.017433733
398,-0.03379999,-0.0059978664
399,0.00999999,-0.018480912
400,-0.015199989,0.014674813
401,0.00999999,-0.0008023158
402,0.00999999,0.021287397
403,0.00999999,0.016597241
404,0.00999999,0.018242374
405,-0.011200011,0.015061587
406,-0.0715,-0.0010527894
407,0.00999999,-0.04433886
408,0.00999999,0.017806962
409,0.00999999,0.020483091
410,0.00999999,0.01869084
411,0.05330001,0.017440215
412,-0.006900005,0.05364637
413,0.00999999,0.007280275
414,0.00999999,0.021275014
415,0.001300022,0.02037321
416,0.00999999,0.014815092
417,0.00999999,0.021490306
418,0.00999999,0.021009967
419,0.00999999,0.019127235
420,0.00999999,0.020974338
421,0.01259999,0.019019186
422,0.07730001,0.023244426
423,0.024800017,0.07270534
424,0.00999999,0.027790233
425,0.0766,0.015892088
426,0.00999999,0.06691919
427,0.014699981,0.012633249
428,0.00999999,0.00936538
429,-0.022800006,0.014178872
430,-0.026099995,-0.019002981
431,-0.02189999,-0.011530168
432,-0.03500001,-0.0096163
433,-0.019699998,-0.02023112
434,0.00999999,-0.006151356
435,0.00999999,0.01855199
436,0.00999999,0.01961106
437,0.00999999,0.01664722
438,-0.036699995,0.01635705
439,-0.03500001,-0.018031597
440,-0.024799995,-0.015531801
441,-0.026900008,-0.012050986
442,0.002399996,-0.011493333
443,0.00999999,0.010231018
444,0.017699987,0.016632155
445,0.045600012,0.017971918
446,0.00999999,0.044333205
447,0.00999999,0.016992956
448,0.016200006,0.013140187
449,0.00999999,0.022740394
450,0.0031000078,0.015903622
451,0.00999999,0.012258321
452,0.00999999,0.017211735
453,0.00999999,0.017410442
454,0.00999999,0.014663771
455,0.00999999,0.01869227
456,0.00999999,0.016640782
457,0.00999999,0.01828605
458,-0.001500003,0.02076754
459,0.00999999,0.009367883
460,-0.0436,0.019458935
461,-0.026700005,-0.021172665
462,0.00999999,-0.012370661
463,0.00999999,0.015900671
464,0.00999999,0.018798754
465,0.00999999,0.015833706
466,0.00999999,0.015845686
467,0.00999999,0.016076133
468,0.048600018,0.017963335
469,0.022699982,0.048470557
470,0.00999999,0.024976194
471,0.00999999,0.01794827
472,0.037100002,0.018655837
473,0.00999999,0.040607706
474,0.020099983,0.019870117
475,0.020899996,0.02462773
476,0.00999999,0.028402045
477,0.03109999,0.020868659
478,0.035599977,0.035354555
479,0.0793,0.038371146
480,0.00999999,0.06528403
481,0.00999999,0.015835002
482,-0.08649999,-0.00036918372
483,-0.1395,-0.05977439
484,-0.112500004,-0.102778606
485,-0.0053000003,-0.07804933
486,-0.078999996,0.0055194497
487,-0.04169999,-0.054239564
488,0.007799998,-0.030740798
489,0.00030000508,0.013398215
490,0.00999999,0.0010407418
491,-0.005700007,0.0052867234
492,-0.0649,0.00033299625
493,-0.05200001,-0.047749154
494,-0.054500006,-0.03855416
495,-0.093300015,-0.03392791
496,-0.03379999,-0.06587704
497,-0.0754,-0.020346947
498,-0.03880001,-0.048762828
499,-0.080900006,-0.023201175
500,-0.058900014,-0.054478683
501,-0.090600014,-0.034426868
502,-0.11130001,-0.061277166
503,-0.020799994,-0.075348884
504,0.0022999942,-0.0073703527
505,-0.00469999,0.009423494
506,-0.037899993,0.001462251
507,0.00999999,-0.019012727
508,0.00999999,0.013589188
509,-0.0369,0.017091796
510,-0.05350001,-0.022528052
511,-0.053000003,-0.035198808
512,-0.022900008,-0.03163015
513,-0.066,-0.0072872266
514,-0.0153999925,-0.04379949
515,0.00999999,-0.0018350556
516,0.009699985,0.011792645
517,-0.032000005,0.0024565458
518,-0.11530001,-0.026237033
519,-0.22540002,-0.08197144
520,-0.2528,-0.16337761
521,-0.061000004,-0.17972746
522,-0.074200004,-0.047895424
523,-0.2007,-0.053539686
524,0.00999999,-0.14918256
525,0.00999999,0.015811533
526,0.0019999892,0.0074626207
527,-0.034500003,0.0098899305
528,0.00999999,-0.01862944
529,0.00999999,0.013089851
530,0.00999999,0.013056055
531,0.00999999,0.014376864
532,0.00999999,0.011784688
533,0.00999999,0.015613586
534,0.0066999793,0.016025662
535,0.00999999,0.012857169
536,0.00999999,0.008432642
537,-0.01250001,0.011234388
538,-0.006900005,-0.004961349
539,0.00999999,-0.001000844
540,0.00999999,0.011464611
541,0.00999999,0.015323371
542,0.00999999,0.016443238
543,0.00999999,0.01578319
544,0.00999999,0.015352562
545,0.011700019,0.01617439
546,0.00999999,0.017780855
547,0.00999999,0.010630712
548,0.00999999,0.016473323
549,-0.0055000037,0.017358005
550,-0.011200011,0.0021030754
551,0.00999999,-0.0025963113
552,0.00999999,0.014630333
553,0.007499993,0.010460347
554,0.00999999,0.013597146
555,0.00999999,0.013496965
556,0.00999999,0.010819629
557,0.00999999,0.013445154
558,0.00999999,0.015937507
559,0.00999999,0.014339358
560,0.00999999,0.015119523
561,0.00999999,0.017490461
562,0.00999999,0.015755743
563,0.00999999,0.014474183
564,0.00999999,0.017733335
565,0.00999999,0.017166674
566,-0.009199999,0.01736261
567,0.00999999,0.0032334924
568,0.00999999,0.016010374
569,0.00999999,0.013384357
570,0.00999999,0.014621034
571,0.00999999,0.007190153
572,0.00999999,0.01410073
573,0.00999999,0.0126089305
574,0.00999999,0.014903739
575,0.00999999,0.016068935
576,-0.032400012,0.010476038
577,0.00999999,-0.019405916
578,0.0066000223,0.013337418
579,0.0028000027,0.013008356
580,-0.022900008,0.010611758
581,-0.013999991,-0.014691107
582,0.00999999,-0.0024037734
583,0.00999999,0.016472608
584,-0.04429999,0.0137296915
585,0.00999999,-0.02376426
586,-0.05600001,0.013059363
587,-0.076299995,-0.034045704
588,-0.020599991,-0.048604913
589,-0.011699997,-0.018936776
590,0.00999999,-0.003958203
591,-0.002399996,0.013289407
592,0.00999999,0.0045281947
593,0.00999999,-0.00036828965
594,0.012899995,0.011321381
595,0.019300014,0.010325968
596,0.00999999,0.011920184
597,0.00999999,0.017215133
598,0.00999999,0.009296581
599,0.00999999,0.012540892
600,0.00999999,0.014589921
601,0.00999999,0.013057575
602,0.00999999,0.0043226033
603,0.00999999,0.015515819
604,0.00999999,0.01655531
605,0.00999999,0.01740709
606,0.00999999,0.01644972
607,0.00999999,0.014080524
608,0.00999999,0.011712134
609,0.00999999,0.0055829734
610,0.00999999,0.014328986
611,0.00999999,0.011506677
612,-0.016699992,0.0037877709
613,0.00999999,-0.028563224
614,0.00999999,0.009758681
615,0.00999999,0.008993581
616,0.050300002,0.0040142387
617,0.07240002,0.040798903
618,0.065099984,0.06400819
619,0.051399976,0.058668807
620,0.07520002,0.03339748
621,0.070200026,0.067452416
622,0.040400013,0.05105777
623,0.078100026,0.035413742
624,0.061800018,0.07299203
625,0.041199982,0.055699244
626,0.07349999,0.044048443
627,0.05610001,0.06547943
628,0.074900016,0.052107945
629,0.03579998,0.07055622
630,0.041399986,0.032801405
631,0.1558,0.041326985
632,0.09459999,0.11554246
633,0.0872,0.08585416
634,0.08319998,0.05240974
635,0.00999999,0.06598212
636,0.00999999,0.0065870136
637,0.00999999,0.011572346
638,0.00999999,0.01174441
639,0.00999999,0.015643582
640,0.00999999,0.011548877
641,0.00999999,0.013842255
642,0.00999999,0.008017704
643,0.00999999,0.0110467225
644,0.00999999,0.012284115
645,0.00999999,0.018041477
646,0.00999999,0.0034650117
647,-0.048300013,0.013051406
648,-0.024500012,-0.03079319
649,-0.0022999942,-0.017105453
650,-0.015699998,0.006027013
651,-0.039499998,-0.0072653443
652,0.00999999,-0.028961174
653,0.00999999,0.011344895
654,0.00999999,0.013462052
655,0.00999999,0.01013343
656,-0.028899997,-0.0001174584
657,-0.055800006,-0.029425979
658,-0.05610001,-0.040269814
659,-0.09709999,-0.05194453
660,-0.11140001,-0.06916628
661,-0.1016,-0.08959604
662,-0.057899997,-0.07501533
663,-0.07060001,-0.041056372
664,-0.0048999935,-0.055957787
665,-0.0025999993,-0.008491717
666,-0.0965,0.00035727024
667,-0.073599994,-0.06849819
668,-0.009099998,-0.055714197
669,0.00999999,-0.002071336
670,0.00999999,0.011586919
671,0.00999999,0.011583477
672,0.00999999,0.014445439
673,-0.026800007,0.008161873
674,0.0014999807,-0.018572442
675,-0.11309999,-0.004565276
676,-0.13280001,-0.086139165
677,-0.0344,-0.09974362
678,-0.0316,-0.026971176
679,-0.07320001,-0.028077923
680,-0.04410001,-0.06384697
681,-0.030900009,-0.03037519
682,-0.0397,-0.026203237
683,-0.018800005,-0.028707772
684,-0.056599997,-0.014036022
685,-0.02579999,-0.041226156
686,-0.019000009,-0.01633995
687,-0.054699987,-0.009278208
688,-0.07040001,-0.03866422
689,-0.07710001,-0.04722049
690,-0.06270001,-0.051342778
691,-0.0607,-0.04259851
692,-0.058800012,-0.04271713
693,0.00999999,-0.037466772
694,0.00999999,0.011435151
695,0.006000012,0.0067953765
696,-0.0621,0.0078068823
697,-0.05610001,-0.044353478
698,-0.0076999962,-0.038543455
699,-0.0021999925,-0.006044939
700,0.00999999,0.004222244
701,0.00999999,0.0025108159
702,-0.07590001,0.013903186
703,-0.044599995,-0.0514768
704,-0.013700008,-0.029803254
705,-0.016100004,-0.0021811947
706,-0.0462,-0.0075680986
707,-0.048000008,-0.03340072
708,-0.0034999922,-0.033333443
709,0.00999999,0.004821226
710,0.0079,0.016712978
711,0.004499987,0.009226665
712,0.00060001016,0.009206459
713,-0.02700001,0.008535057
714,-0.015199989,-0.013164081
715,-0.0020999908,-0.007583119
716,0.00999999,0.0043463856
717,0.00999999,0.014294699
718,0.00999999,0.009196624
719,0.00999999,0.011485353
720,0.00999999,0.016884506
721,0.00999999,0.009905979
722,0.00999999,0.013418868
723,0.00999999,0.0137786865
724,0.011600018,0.006728232
725,0.00999999,0.011744902
726,0.00999999,0.014377534
727,0.00999999,0.0114198625
728,0.012199983,0.012664005
729,0.00999999,0.019835204
730,0.00999999,0.011546552
731,0.00999999,0.013638005
732,0.031299993,0.015119925
733,0.00999999,0.024561033
734,0.00999999,0.01319553
735,0.00999999,0.014259562
736,0.00999999,0.015514612
737,0.00999999,0.014268637
738,0.00999999,0.016996577
739,0.00999999,0.011514142
740,0.00999999,0.015719399
741,0.00999999,0.019110247
742,0.00999999,-0.0016411543
743,0.00999999,0.0056289285
744,-0.022700004,-0.0011685267
745,-0.08500001,-0.017835148
746,-0.014600001,-0.05871255
747,-0.037100002,-0.0042895228
748,-0.0633,-0.029298998
749,-0.010099992,-0.042921938
750,-0.004200004,0.0014428943
751,-0.03490001,0.0035301894
752,-0.0053000003,-0.025899723
753,-0.028100006,0.004607901
754,-0.054500006,-0.017129727
755,-0.0834,-0.035798438
756,-0.035800003,-0.056789875
757,-0.058900014,-0.022704743
758,-0.04020001,-0.0379894
759,-0.008200005,-0.025342762
760,-0.020300008,-0.0023111477
761,-0.04670001,-0.0091165155
762,0.00999999,-0.029237263
763,0.00999999,0.012460291
764,-0.0010999963,0.014661178
765,-0.026299998,0.0048525184
766,-0.07,-0.018273354
767,-0.09680001,-0.047219597
768,-0.037700012,-0.06766621
769,-0.034099996,-0.025847912
770,-0.0384,-0.019540228
771,-0.0514,-0.01971227
772,-0.056499995,-0.03171446
773,-0.047399998,-0.033830054
774,-0.008999996,-0.028930128
775,-0.0028000027,0.0017749965
776,-0.0032000095,0.0074744225
777,-0.018600002,0.00622268
778,0.0079,-0.01500345
779,0.00030000508,0.010904834
780,-0.00850001,0.009155899
781,-0.020899996,-0.0032840297
782,-0.008300006,-0.008090951
783,-0.0019999892,0.002024129
784,0.0055000037,0.0033803433
785,0.005700007,0.0018310547
786,-0.022099994,0.014035419
787,0.00050000846,-0.00908073
788,-0.010600001,0.005239114
789,-0.055800006,-0.0021222085
790,-0.0158,-0.040625475
791,0.00999999,-0.0039752126
792,0.0019999892,0.01591158
793,0.00999999,0.008504301
794,0.00999999,0.01731661
795,0.00999999,0.01892455
796,0.00999999,0.015642375
797,0.00999999,0.018464193
798,0.00999999,0.01711531
799,0.011100009,0.013845697
800,0.00999999,0.016753972
801,0.00999999,0.009044051
802,0.00999999,0.012813985
803,0.00999999,0.01368463
804,0.0075999945,0.01582861
805,-0.022199996,0.010983869
806,-0.008100003,-0.009179167
807,0.00999999,0.0020973086
808,0.00999999,0.01425232
809,0.00999999,0.013371706
810,0.00999999,0.0151130855
811,0.00999999,0.007251486
812,0.00999999,0.01360108
813,0.00999999,0.013725713
814,0.00999999,0.014718398
815,0.00999999,0.017286658
816,0.00999999,0.017840803
817,0.0159,0.01626563
818,0.032700017,0.021014884
819,0.00999999,0.03469634
820,0.00999999,0.013382345
821,0.00999999,0.016004428
822,0.00999999,0.018026188
823,0.00999999,0.01568006
824,0.00999999,0.014591485
825,0.00999999,0.014726043
826,0.00999999,0.015957087
827,0.00999999,0.015721634
828,0.00999999,0.013817936
829,0.03020002,0.015692577
830,0.0238,0.032224506
831,0.00999999,0.026857048
832,0.029500008,0.018250912
833,0.054400027,0.0313202
834,0.00999999,0.053101346
835,0.00999999,0.01791349
836,0.00999999,0.019105643
837,0.00999999,0.019043058
838,0.00999999,0.01740539
839,0.00999999,0.01820688
840,0.00999999,0.018532142
841,0.031299993,0.013356373
842,0.00999999,0.03460993
843,0.00999999,0.018435895
844,0.047700003,0.017152771
845,0.04419999,0.047922224
846,0.024500012,0.039863214
847,0.034199998,0.028362438
848,0.00999999,0.035462692
849,0.00999999,0.001193136
850,0.00999999,0.012617737
851,0.00999999,0.013788834
852,0.00999999,0.0137541
853,0.00999999,0.01682818
854,0.00999999,0.017172575
855,-0.0019000098,0.017052904
856,-0.062200002,0.008578241
857,-0.026299998,-0.037156105
858,0.00999999,-0.011610769
859,-0.014900006,0.017420813
860,-0.020899996,-0.0036561862
861,-0.0185,-0.02299907
862,0.00999999,-0.012792863
863,0.00999999,0.015692309
864,-0.0020999908,0.015731603
865,0.00999999,0.00693731
866,0.00999999,0.016078189
867,-0.0048999935,0.017637715
868,0.00999999,0.006013781
869,0.00999999,0.018359095
870,0.00999999,0.017233774
871,0.00999999,0.017706424
872,0.00999999,0.014976606
873,0.00999999,0.017469049
874,0.00999999,0.017659754
875,0.00999999,0.018624544
876,0.00999999,0.017438069
877,0.00999999,0.018663302
878,0.00999999,0.019179314
879,0.00999999,0.017929047
880,0.00999999,0.018018767
881,0.00999999,0.01837188
882,0.00999999,0.01778251
883,0.00999999,0.017223403
884,0.00999999,0.018421099
885,0.00999999,0.018443003
886,0.00999999,0.01687418
887,0.00999999,0.018313006
888,0.00999999,0.016581282
889,0.00999999,0.017684877
890,0.00999999,0.018014118
891,0.00999999,0.016610205
892,0.00999999,0.01822503
893,0.00999999,0.017963737
894,0.00999999,0.018593565
895,0.00999999,0.015104055
896,0.018800005,0.01889567
897,0.00999999,0.025806695
898,0.00999999,0.01843907
899,0.00999999,0.019144133
900,0.00999999,0.019018248
901,0.00999999,0.019200325
902,0.00999999,0.017846301
903,0.00999999,0.01893644
904,0.07619999,0.009857208
905,0.042600006,0.068343356
906,0.013300002,0.042733356
907,0.035999984,0.020208567
908,0.049000025,0.037770957
909,0.00999999,0.048702076
910,0.00999999,0.013914764
911,0.00999999,0.016965017
912,0.00999999,0.018711358
913,0.00999999,0.018678814
914,0.00999999,0.016687945
915,0.00999999,0.016645476
916,0.00999999,0.017008021
917,0.00999999,0.018483415
918,0.00999999,0.018893749
919,0.00999999,0.017418176
920,0.00999999,0.018841445
921,0.00999999,0.017951444
922,0.00999999,0.016998544
923,0.00999999,0.014998063
924,0.010700002,0.018041208
925,0.06559999,0.018226191
926,0.049999997,0.060959235
927,0.00999999,0.049277276
928,0.04949999,0.014856845
929,0.016600013,0.0482385
930,0.017599985,0.01909867
931,0.00999999,0.02279614
932,0.00999999,0.018876985
933,0.06680001,0.015964508
934,0.10519999,0.06149961
935,0.00999999,0.08906226
936,0.06410001,0.01789163
937,0.1058,0.05511707
938,0.03579998,0.09201072
939,0.037900016,0.03810051
940,0.00999999,0.039697498
941,0.00999999,0.018660754
942,0.00999999,0.018936083
943,0.00999999,0.016383693
944,0.00999999,0.016893446
945,0.00999999,0.01697892
946,0.00999999,0.01683113
947,0.048400015,0.016608864
948,0.097399995,0.04435046
949,0.03579998,0.084848955
950,0.059799984,0.03513716
951,0.00999999,0.05579737
952,0.00999999,0.008616284
953,-0.22240001,-0.01668609
954,-0.272,-0.16481474
955,-0.037200004,-0.20526753
956,-0.08659999,-0.027599461
957,-0.045899995,-0.060561016
958,-0.0885,-0.030461334
959,-0.026299998,-0.0625524
960,0.00999999,-0.013031289
961,0.009799987,0.014459029
962,-0.009700008,0.014957294
963,0.00999999,-0.00010936707
964,0.0029000044,0.015748322
965,-0.022299998,0.007738933
966,-0.004600011,-0.016925834
967,0.00999999,-0.012481995
968,0.00999999,-0.0042473003
969,0.00999999,-0.0014885142
970,-0.124,-0.0074901804
971,-0.061899997,-0.105538934
972,-0.067700006,-0.049935445
973,-0.065699995,-0.055463165
974,-0.017799988,-0.05171272
975,-0.08230001,-0.011029512
976,-0.0672,-0.06168828
977,-0.0463,-0.05022805
978,-0.068900004,-0.040135503
979,-0.046099998,-0.05202902
980,0.0079,-0.033807993
981,0.00999999,0.008584455
982,0.00999999,0.010049701
983,0.0022999942,-0.0013302192
984,-0.2425,-0.0027337298
985,-0.14890002,-0.18749459
986,-0.01250001,-0.11660021
987,-0.049300008,-0.011401333
988,-0.095300004,-0.042697996
989,-0.09610002,-0.081666894
990,-0.2127,-0.07405309
991,-0.14100002,-0.16107076
992,-0.115,-0.10618984
993,-0.10100001,-0.08969441
994,-0.054699987,-0.0786925
995,-0.2686,-0.04471696
996,-0.1509,-0.19650131
997,-0.026900008,-0.11667182
998,-0.1271,-0.020743243
999,-0.059600003,-0.094794855
1000,-0.07859999,-0.051778458
1001,-0.1742,-0.058227293
1002,-0.110599995,-0.12630254
1003,-0.047099993,-0.08361574
1004,0.00999999,-0.034627184
1005,-0.0021999925,0.008069962
1006,-0.06920001,-0.0020591095
1007,-0.0715,-0.05025912
1008,-0.091400005,-0.054131024
1009,-0.080900006,-0.07028268
1010,-0.09960001,-0.060041025
1011,-0.10380001,-0.0759237
1012,-0.059199996,-0.07782289
1013,-0.035199992,-0.043935366
1014,-0.0056000054,-0.025976345
1015,-0.012999997,-0.0035998598
1016,-0.0488,-0.011691213
1017,-0.0621,-0.037984394
1018,0.00999999,-0.05177573
1019,-0.022099994,0.0035526752
1020,-0.1318,-0.021897532
1021,-0.1577,-0.09955837
1022,-0.1344,-0.12264054
1023,-0.1741,-0.10013167
1024,-0.060599998,-0.12905218
1025,-0.005700007,-0.0473466
1026,-0.02960001,-0.0026467368
1027,-0.0053000003,-0.023148514
1028,-0.051800005,-0.0049163327
1029,-0.060499996,-0.03861431
1030,-0.0040000007,-0.046090968
1031,0.007499993,-0.0045082793
1032,-0.0009999946,0.006943792
1033,-0.0114999935,-0.0016719326
1034,-0.050400004,-0.008127339
1035,-0.048500016,-0.036346592
1036,-0.023299992,-0.037613846
1037,-0.025200002,-0.016566753
1038,0.00999999,-0.018117607
1039,0.006400019,0.007931426
1040,-0.0079,0.0026230216
1041,-0.09300001,-0.0062406957
1042,-0.0636,-0.069164805
1043,-0.029700011,-0.050581075
1044,0.0068999827,-0.02076555
1045,-0.04810001,0.0040976554
1046,-0.0356,-0.035326906
1047,0.007399991,-0.026639253
1048,0.00999999,0.0058154315
1049,-0.008699991,0.00854972
1050,-0.029400006,-0.0058188736
1051,-0.047199994,-0.025221236
1052,-0.069500014,-0.040429786
1053,-0.014800005,-0.051731296
1054,0.00999999,-0.014261238
1055,-0.07470001,0.004551038
1056,-0.11819999,-0.060866006
1057,-0.06279999,-0.09762161
1058,-0.1504,-0.05018109
1059,-0.0964,-0.112114325
1060,-0.025300004,-0.08541935
1061,-0.012400009,-0.02477675
1062,-0.04540001,-0.014029317
1063,-0.09199999,-0.037789844
1064,-0.049300008,-0.071297295
1065,0.00999999,-0.035127662
1066,0.00999999,0.006848082
1067,-0.027900003,0.007404417
1068,-0.004200004,-0.020507611
1069,-0.027499996,-0.0026751682
1070,-0.04810001,-0.018736817
1071,-0.011100009,-0.038106166
1072,0.00999999,-0.00855685
1073,-0.053600013,0.007778406
1074,-0.022199996,-0.042592496
1075,0.00999999,-0.017626986
1076,0.0065000206,0.008012697
1077,-0.026800007,0.005754277
1078,-0.0059000105,-0.019946538
1079,0.00999999,-0.0031757131
1080,0.00999999,0.008557364
1081,0.00999999,0.009245127
1082,-0.065000005,0.0071062
1083,-0.036499992,-0.0466465
1084,-0.068900004,-0.027500331
1085,-0.045300007,-0.052774005
1086,0.00999999,-0.031309627
1087,0.00999999,0.009504676
1088,0.00999999,0.0071277916
1089,-0.07180001,0.009666994
1090,-0.06800001,-0.05390831
1091,-0.003000006,-0.049037956
1092,0.00999999,7.57277e-05
1093,0.00999999,0.009193808
1094,0.00999999,0.009745672
1095,0.00999999,0.010885611
1096,0.00999999,0.0097960085
1097,-0.0056000054,0.008635104
1098,0.00999999,-0.0013404116
1099,0.00999999,0.009334579
1100,-0.025300004,0.008819997
1101,-0.04670001,-0.0162621
1102,-0.024599992,-0.032577842
1103,-0.001199998,-0.016577594
1104,-0.00010000169,0.0017613173
1105,0.0036000162,0.001813665
1106,-0.007799998,0.005197674
1107,-0.025899991,-0.003335975
1108,0.006100014,-0.016348332
1109,-0.016500011,0.007440001
1110,-0.045,-0.009096399
1111,-0.034099996,-0.03128285
1112,0.004399985,-0.02556429
1113,0.00999999,0.0068597943
1114,0.00999999,0.009508073
1115,-0.0012999997,0.010645419
1116,0.0024999976,0.002101913
1117,0.00999999,0.0021877438
1118,-0.040599994,0.00958541
1119,-0.0053000003,-0.027457327
1120,0.00999999,-0.0020653903
1121,0.00999999,0.011207789
1122,-0.006900005,0.0068043172
1123,-0.043399997,-0.0033947155
1124,-0.10789999,-0.033528753
1125,-0.1344,-0.078729205
1126,-0.0778,-0.09830365
1127,-0.1256,-0.05700711
1128,-0.09969999,-0.09038184
1129,-0.023399994,-0.071801506
1130,-0.024899997,-0.014760755
1131,-0.0397,-0.01554139
1132,-0.02300001,-0.02684138
1133,0.00999999,-0.017435052
1134,0.00999999,0.010384351
1135,-0.025200002,0.008610651
1136,-0.015599996,-0.017505683
1137,-0.030600004,-0.008226335
1138,0.0055000037,-0.021916218
1139,-0.0028000027,0.0058525354
1140,-0.023099989,0.00045275688
1141,-0.025200002,-0.016173698
1142,0.008000001,-0.017014503
1143,-0.013600007,0.008534387
1144,-0.0277,-0.008681864
1145,-0.041300006,-0.01971113
1146,-0.017400004,-0.027919538
1147,0.00999999,-0.010977879
1148,-0.032100007,0.009987429
1149,-0.013099998,-0.020725317
1150,0.00999999,-0.008943714
1151,0.00999999,0.0105731785
1152,0.00999999,0.0111409575
1153,0.00999999,0.0059030503
1154,-0.117100015,0.010067716
1155,-0.059700005,-0.08478434
1156,-0.0059000105,-0.043224268
1157,-0.029800013,-0.002386652
1158,-0.039800003,-0.019730061
1159,0.00010000169,-0.031745262
1160,-0.06910001,0.0021548867
1161,-0.0043000057,-0.049024813
1162,0.007499993,-0.002437815
1163,-0.0501,0.007229045
1164,-0.016899996,-0.034845717
1165,0.008000001,-0.011416331
1166,-0.014700003,0.008600906
1167,-0.005099997,-0.008050494
1168,-0.004999995,-0.0032575652
1169,-0.059299998,-0.0010843053
1170,-0.025500007,-0.04294286
1171,0.00999999,-0.018153057
1172,-0.021800011,0.010828927
1173,-0.037400007,-0.013570368
1174,0.008700013,-0.028102532
1175,-0.0018000081,0.009615228
1176,-0.0051999986,-0.004623346
1177,0.00999999,-0.004828982
1178,0.00999999,0.0098603815
1179,0.00999999,0.007986993
1180,0.00999999,0.008533493
1181,-0.0007999912,0.009250045
1182,-0.0028000027,0.0004374683
1183,0.00999999,-0.002002515
1184,-0.035100013,0.010315239
1185,-0.01129999,-0.024020344
1186,0.00999999,-0.007690452
1187,0.00999999,0.009839818
1188,0.00999999,0.009211868
1189,0.00999999,0.008191064
1190,0.00999999,0.009563595
1191,0.00999999,0.009878844
1192,0.00999999,0.009445801
1193,0.00020000339,0.009135112
1194,-0.013400003,0.0019200593
1195,-0.013999991,-0.0077821165
1196,0.0066000223,-0.009402014
1197,-0.005800009,0.0078032166
1198,-0.0031000078,-0.0028723106
1199,-0.012300007,0.0003530234
1200,-0.011799999,-0.006696023
1201,0.00020000339,-0.0065092295
1202,-0.01259999,0.0032255352
1203,-0.0048999935,-0.009557068
1204,0.007399991,-0.0024443418
1205,0.009200022,0.007851675
1206,0.00999999,0.010060027
1207,0.0053000003,0.010081977
1208,0.00999999,0.006883666
1209,0.00850001,0.010086849
1210,0.00999999,0.004739374
1211,0.00999999,0.0038481653
1212,0.00999999,0.010400355
1213,0.00999999,0.009224877
1214,0.00999999,0.010808945
1215,0.00999999,0.010184124
1216,0.00999999,0.010393918
1217,0.00999999,0.009281069
1218,0.00999999,0.009249464
1219,0.00999999,0.009759754
1220,0.00999999,0.010569289
1221,0.00999999,0.009677857
1222,0.00999999,0.010081172
1223,0.00999999,0.008629873
1224,0.00999999,0.009694353
1225,0.00999999,0.009581968
1226,0.00999999,0.010976002
1227,0.00999999,0.010178581
1228,0.011700019,0.0097320825
1229,0.00999999,0.012032434
1230,0.00999999,0.010651141
1231,0.00999999,0.007675275
1232,0.00999999,0.011136174
1233,0.00999999,0.010093242
1234,0.00999999,0.009479463
1235,0.00999999,0.010943949
1236,0.00910002,0.011192188
1237,0.00999999,0.0065579563
1238,0.00999999,0.008782715
1239,-0.028899997,0.004127428
1240,-0.056900002,-0.026583418
1241,0.00999999,-0.044865467
1242,0.00999999,0.0069657415
1243,0.00999999,0.0052299947
1244,0.00999999,0.008651689
1245,0.00999999,0.00998421
1246,0.00999999,0.0075713396
1247,-0.021300003,0.010302588
1248,0.00999999,-0.015515238
1249,0.00999999,0.008493483
1250,0.00999999,0.011380926
1251,0.0065000206,0.010500535
1252,0.00999999,0.005355075
1253,0.00999999,0.011280119
1254,-0.0079,0.010995716
1255,0.009599984,-0.0029014125
1256,0.00080001354,0.0018976182
1257,0.00999999,0.0021704435
1258,0.00999999,0.0014044493
1259,-0.0063999966,0.006631851
1260,-0.0141999945,-0.0025165603
1261,-0.020100005,-0.008605264
1262,-0.0316,-0.015100457
1263,-0.017500006,-0.021715231
1264,-0.030500002,-0.010932304
1265,-0.022099994,-0.020089231
1266,0.0015999824,-0.013578214
1267,-0.01129999,0.003339976
1268,-0.02700001,-0.008925609
1269,-0.016000003,-0.017057665
1270,-0.019299991,-0.011283517
1271,-0.022199996,-0.013907388
1272,-0.018299997,-0.012605108
1273,-0.0063999966,-0.010447606
1274,-0.0369,-0.002359897
1275,-0.047099993,-0.024220638
1276,-0.016300008,-0.032960884
1277,-0.0021999925,-0.008274548
1278,-0.027399994,0.002548635
1279,-0.029700011,-0.01780381
1280,-0.008699991,-0.01906968
1281,0.0025999993,-0.006386608
1282,0.00999999,0.0024448782
1283,0.0032000095,0.010416985
1284,0.00999999,0.0057625473
1285,-0.016500011,0.0054616034
1286,0.00999999,-0.011188723
1287,0.00999999,0.010064051
1288,0.00999999,0.009043962
1289,-0.0017000064,0.011534438
1290,-0.0009999946,-0.000117100775
1291,0.0031000078,0.0011035949
1292,-0.005400002,0.0057462305
1293,-0.018800005,-0.0023010895
1294,-0.019200012,-0.011646353
1295,-0.0528,-0.013813511
1296,-0.047900006,-0.038330197
1297,-0.0032000095,-0.035025023
1298,-0.04550001,-0.00011790544
1299,-0.048599996,-0.031292014
1300,-0.024500012,-0.03293006
1301,-0.03109999,-0.014680311
1302,-0.006199993,-0.021195889
1303,0.00409998,-0.0036757663
1304,-0.00999999,0.006934136
1305,-0.022700004,-0.0061429515
1306,0.00999999,-0.015475117
1307,-0.05340001,0.011285305
1308,-0.04540001,-0.036386736
1309,-0.018399999,-0.032626837
1310,-0.027299993,-0.009666748
1311,-0.030500002,-0.01682704
1312,0.008400008,-0.023153163
1313,-0.034700006,0.010740057
1314,-0.020899996,-0.022548527
1315,-0.011100009,-0.014163807
1316,-0.055099994,-0.0046785325
1317,-0.056400016,-0.043983847
1318,0.00999999,-0.039820164
1319,0.00999999,0.01205349
1320,-0.027900003,0.010311753
1321,0.00999999,-0.017773278
1322,0.0014999807,0.0118816495
1323,-0.01510001,0.0013411045
1324,-0.016100004,-0.008363374
1325,-0.010600001,-0.0077094063
1326,0.00999999,-0.004798472
1327,0.0086000115,0.010444298
1328,-0.021200001,0.009273872
1329,-0.030500002,-0.013693862
1330,0.00999999,-0.02037064
1331,-0.061100006,0.0094665885
1332,-0.05990001,-0.042880587
1333,-0.06559999,-0.04771129
1334,-0.027499996,-0.04605324
1335,-0.061000004,-0.016661324
1336,-0.036599994,-0.042849697
1337,-0.053800017,-0.023689918
1338,-0.0086000115,-0.03676486
1339,0.003000006,-0.003643982
1340,-0.01380001,0.006977901
1341,-0.029899992,-0.006238237
1342,-0.015000008,-0.018365376
1343,-0.025200002,-0.0075794086
1344,-0.047399998,-0.014654316
1345,-0.032799996,-0.03225933
1346,-0.054999992,-0.025739193
1347,-0.0581,-0.038110144
1348,-0.0463,-0.040981136
1349,-0.061200008,-0.030638985
1350,-0.041100003,-0.045160443
1351,-0.014299996,-0.03047546
1352,0.006799981,-0.00738848
1353,0.006100014,0.008379623
1354,0.00999999,0.008500993
1355,-0.027299993,0.012234315
1356,-0.007799998,-0.02023425
1357,-0.012100004,-0.007272184
1358,-0.059099995,-0.0047509745
1359,-0.031900004,-0.044502944
1360,-0.012300007,-0.020338945
1361,-0.026500002,-0.0051235333
1362,-0.057200007,-0.015610389
1363,-0.029300004,-0.038875915
1364,-0.056499995,-0.017172217
1365,-0.02830001,-0.041951023
1366,-0.043299995,-0.019031838
1367,-0.099,-0.028567292
1368,-0.0582,-0.0885042
1369,0.05930002,-0.049066298
1370,0.01199998,0.044000387
1371,0.00999999,0.0018032044
1372,0.00999999,0.007871747
1373,0.0014999807,-0.006784804
1374,0.00999999,0.00059343874
1375,0.00999999,0.0072927475
1376,0.019200012,0.004864186
1377,0.023900002,0.017676026
1378,0.00999999,0.01894869
1379,0.00999999,0.011237919
1380,0.00999999,0.013459593
1381,0.00999999,0.011020526
1382,0.00999999,0.004422918
1383,0.00999999,0.010803759
1384,0.00999999,0.011287004
1385,0.00999999,0.007566154
1386,0.00999999,0.0067029744
1387,0.00999999,0.009275034
1388,-0.013600007,0.010639161
1389,0.00999999,-0.008027516
1390,0.00999999,0.008712888
1391,0.00999999,0.012919307
1392,0.00999999,0.012166947
1393,0.00999999,0.012683496
1394,0.00999999,0.0051190853
1395,-0.026299998,0.009941116
1396,0.00999999,-0.022470742
1397,0.00999999,0.011658445
1398,0.00999999,0.010108799
1399,0.00999999,0.011564389
1400,0.008400008,0.012808934
1401,-0.005800009,0.012305662
1402,-0.020699993,0.00055231154
1403,-0.005400002,-0.009348951
1404,0.0029000044,0.001826942
1405,0.00999999,0.008746192
1406,0.0072999895,0.012049913
1407,0.00999999,0.011338145
1408,0.00999999,0.013397634
1409,0.00999999,0.008423433
1410,-0.028599992,0.013984188
1411,-0.004500009,-0.017601036
1412,0.00999999,-0.0009913892
1413,0.00999999,0.012424573
1414,0.00999999,0.011476323
1415,0.00999999,0.014179364
1416,0.00999999,0.0126514435
1417,0.00999999,0.01298815
1418,0.00999999,0.012468383
1419,0.007199988,0.013185561
1420,-0.007399991,0.011588573
1421,-0.0067000017,-0.001961276
1422,0.00999999,0.0008227676
1423,0.00999999,0.013489187
1424,-0.0075999945,0.013599157
1425,0.00999999,0.0013185292
1426,0.00999999,0.011151463
1427,0.00999999,0.013179436
1428,0.004399985,0.014380977
1429,0.00999999,0.0067279637
1430,0.00999999,0.009583175
1431,-0.017700009,0.007949397
1432,-0.050600007,-0.010338329
1433,-0.061700016,-0.03463141
1434,-0.0488,-0.04629571
1435,-0.008100003,-0.03564305
1436,-0.012899995,-0.0022540167
1437,-0.024899997,-0.0042935684
1438,-0.030099995,-0.0141902715
1439,-0.008100003,-0.027697496
1440,-0.097399995,-0.010369107
1441,-0.023299992,-0.07009285
1442,-0.036499992,-0.01553902
1443,-0.07210001,-0.02181027
1444,-0.041499987,-0.048222296
1445,-0.02319999,-0.025703408
1446,-0.0859,-0.010797121
1447,-0.06270001,-0.05997064
1448,-0.061700016,-0.04273025
1449,-0.029700011,-0.040224485
1450,-0.07879999,-0.01955963
1451,-0.058900014,-0.0542631
1452,-0.0648,-0.037927084
1453,-0.037700012,-0.047533013
1454,-0.06790001,-0.022798866
1455,-0.0688,-0.046014927
1456,-0.0317,-0.046163656
1457,-0.066900015,-0.019024707
1458,-0.037200004,-0.044703327
1459,-0.02319999,-0.025454454
1460,-0.1068,-0.012431569
1461,-0.053000003,-0.08301041
1462,0.009200022,-0.049974762
1463,0.00999999,0.01095973
1464,-0.014399998,0.008895457
1465,-0.01640001,-0.010769047
1466,-0.1147,-0.013380781
1467,-0.0034999922,-0.08293252
1468,0.00999999,0.0021220744
1469,-0.029500008,0.011051148
1470,-0.036000006,-0.02185037
1471,-0.017400004,-0.022349596
1472,-0.0649,-0.010472506
1473,0.00010000169,-0.051807404
1474,0.00999999,0.0001681298
1475,-0.01510001,0.010489851
1476,-0.07580001,-0.008167885
1477,-0.082100004,-0.053092048
1478,-0.105299994,-0.059032314
1479,-0.07089999,-0.07857972
1480,-0.04959999,-0.05037403
1481,-0.10630001,-0.033426136
1482,-0.14620002,-0.082538344
1483,-0.1058,-0.10793368
1484,-0.09420001,-0.08161752
1485,-0.06920001,-0.088964224
1486,-0.0087999925,-0.055340767
1487,0.00999999,-0.017894067
1488,0.00999999,-0.001320608
1489,0.00999999,-0.015266083
1490,0.00999999,0.0061131567
1491,0.00999999,0.011961713
1492,0.00999999,-0.0023037717
1493,0.00999999,-0.0073144734
1494,0.023399994,0.0058214664
1495,0.02760002,0.011684239
1496,0.00999999,0.019326925
1497,0.00999999,0.012681037
1498,0.034700006,0.0070917606
1499,0.00999999,0.029655442
1500,0.019799978,0.006534308
1501,0.07009998,0.017782599
1502,0.031199992,0.06149684
1503,0.065799996,0.013157442
1504,0.00999999,0.05096197
1505,0.00999999,0.0106363
1506,-0.013999991,0.013198435
1507,-0.011799999,-0.003665574
1508,-0.027100012,-0.00060103834
1509,-0.008899994,-0.023630999
1510,0.038599983,-0.0048919246
1511,0.018700004,0.03600128
1512,0.026500002,0.013766125
1513,0.03290002,0.02010195
1514,0.00999999,0.029436216
1515,0.017699987,0.016897917
1516,0.03020002,0.017781124
1517,0.00999999,0.030688941
1518,0.04070002,0.01866299
1519,0.03750001,0.036782786
1520,0.00999999,0.032013416
1521,0.00999999,0.015297264
1522,0.00999999,0.011638552
1523,0.00999999,0.013821155
1524,0.00999999,0.018289447
1525,0.0159,0.012799233
1526,0.059000015,0.020753995
1527,0.04880002,0.057926685
1528,0.070999995,0.04776804
1529,0.04099998,0.06838064
1530,0.068399996,0.04422936
1531,0.04159999,0.063422665
1532,0.0608,0.030602396
1533,0.29800004,0.053792283
1534,0.17339998,0.24766164
1535,0.1267,0.14711063
1536,0.1425,0.112828106
1537,0.15430002,0.12192799
1538,0.122400016,0.13395698
1539,0.07259998,0.104365066
1540,0.07529998,0.0663832
1541,0.082,0.07235594
1542,0.051500022,0.07361944
1543,0.11309999,0.05159837
1544,0.033899993,0.08086091
1545,0.00999999,0.035398006
1546,0.00999999,0.014763504
1547,0.011600018,0.018367544
1548,0.014100015,0.022441864
1549,0.00999999,0.023833215
1550,0.037200004,0.021790713
1551,0.00999999,0.04319881
1552,0.06009999,0.01649715
1553,0.04379998,0.061610565
1554,0.017599985,0.04040256
1555,0.00999999,0.020792574
1556,0.00999999,0.01320599
1557,0.00999999,0.0052642375
1558,-0.0018000081,0.014965877
1559,-0.0028000027,-0.0027370378
1560,0.005400002,0.006387949
1561,0.00999999,0.009250537
1562,-0.0059000105,0.01281935
1563,-0.016200006,0.007197082
1564,-0.005700007,-0.008015156
1565,-0.01250001,0.00077712536
1566,0.00999999,-0.00062765926
1567,0.00999999,0.018123195
1568,0.0051999986,0.013883695
1569,-0.023699999,0.015735582
1570,-0.005700007,-0.0072109625
1571,0.00999999,0.005846143
1572,0.0010000169,0.021354899
1573,-0.0087999925,0.008152127
1574,-0.053600013,-0.0018048361
1575,-0.04550001,-0.032119162
1576,-0.0070000067,-0.032253295
1577,0.00999999,0.0062649697
1578,0.00999999,0.020244822
1579,0.00999999,0.015037179
1580,0.00010000169,0.017012894
1581,0.00999999,0.0093027055
1582,0.00999999,0.01237075
1583,0.00999999,0.019974276
1584,0.00999999,0.020911708
1585,0.00999999,0.017141059
1586,0.00999999,0.017196625
1587,0.00999999,0.020313889
1588,0.00999999,0.013195172
1589,-0.011599995,0.014958009
1590,0.00999999,0.002870053
1591,0.0211,0.019169614
1592,0.059100017,0.026428118
1593,0.0635,0.04816018
1594,0.18089998,0.048858628
1595,0.1083,0.15079187
1596,0.011100009,0.096150264
1597,0.038699985,0.011549503
1598,0.052599996,0.036186174
1599,0.080999985,0.050346628
1600,0.049899995,0.070209235
1601,0.08560002,0.04808575
1602,0.049199983,0.08162476
1603,0.064800024,0.050433263
1604,0.03820002,0.06441794
1605,0.05429998,0.044916317
1606,0.06289999,0.054425284
1607,0.015299991,0.054634318
1608,0.04070002,0.020420507
1609,0.07450001,0.038170964
1610,0.024100006,0.06651141
1611,0.1954,0.013901889
1612,0.20519999,0.15080747
1613,0.2136,0.17111698
1614,0.2832,0.18709901
1615,0.2965,0.24255538
1616,0.1562,0.24536414
1617,0.13050002,0.13922091
1618,0.09560001,0.117101446
1619,0.085699975,0.08883199
1620,0.088100016,0.078298464
1621,0.096000016,0.07744901
1622,0.00999999,0.08547959
1623,0.00999999,-0.006336741
1624,0.16190001,0.009965435
1625,0.1399,0.103829026
1626,0.1558,0.10912424
1627,0.1932,0.114464924
1628,0.31590003,0.14267671
1629,0.070399985,0.26163518
1630,0.07049999,0.055562273
1631,0.045300007,0.06718992
1632,0.048300013,0.04099144
1633,0.00999999,0.04741019
1634,0.041999996,0.02179277
1635,0.08659999,0.04842469
1636,0.05489999,0.0751964
1637,0.00999999,0.047441974
1638,0.00999999,0.017421663
1639,0.1455,0.0054472983
1640,0.035999984,0.123484656
1641,0.00999999,0.03264083
1642,0.03760001,0.0039795935
1643,0.026900008,0.038807318
1644,0.00999999,0.021600053
1645,0.00999999,0.011138946
1646,0.00999999,0.017576158
1647,0.00999999,0.022572532
1648,0.00999999,0.019913122
1649,0.014500022,0.016565323
1650,0.00999999,0.022714019
1651,-0.006299995,0.018577069
1652,0.00999999,0.0058116317
1653,0.00999999,0.02125901
1654,0.00999999,0.02268979
1655,0.026600003,0.021840379
1656,0.00999999,0.039693654
1657,0.00999999,0.02406174
1658,0.025899991,0.022185579
1659,0.00999999,0.041080803
1660,0.09969999,0.019876957
1661,0.114500016,0.094644204
1662,0.020199984,0.10090059
1663,0.09560001,0.026342109
1664,0.074200004,0.09279102
1665,0.087400004,0.0708058
1666,0.12530002,0.07215683
1667,0.04880002,0.09822388
1668,0.00999999,0.04087548
1669,0.00999999,0.015405357
1670,0.00999999,0.012764052
1671,0.00999999,0.018557131
1672,0.00999999,0.0217883
1673,0.00999999,0.025504813
1674,0.00999999,0.026832864
1675,0.00999999,0.020104006
1676,-0.01640001,0.014852822
1677,-0.00020000339,0.004144728
1678,0.00999999,-0.0004420951
1679,0.00999999,0.013690934
1680,-0.0224,0.012979969
1681,-0.02049999,-0.008719929
1682,-0.0304,-0.009162828
1683,0.00850001,-0.013000108
1684,0.00999999,0.014513344
1685,-0.047299996,-0.00019251555
1686,-0.022600003,-0.029471532
1687,0.00999999,-0.016527683
1688,-0.0356,0.014527649
1689,0.00999999,-0.016510136
1690,0.00999999,0.006240204
1691,0.00999999,0.017278478
1692,0.00999999,0.022157997
1693,0.00999999,0.009573519
1694,0.00999999,0.026097134
1695,0.00999999,0.024944052
1696,0.00999999,0.022725284
1697,0.00999999,0.019564614
1698,0.00999999,0.025387108
1699,-0.0119,0.021381855
1700,-0.008400008,0.007980064
1701,-0.0033000112,0.012657121
1702,0.00999999,0.0077593625
1703,0.00999999,0.021257311
1704,0.00999999,0.020823732
1705,0.00999999,0.018260524
1706,0.00999999,0.020497352
1707,0.00999999,0.019779012
1708,-0.022900008,0.019950941
1709,-0.009600006,-0.0075162426
1710,0.00999999,0.0076458603
1711,0.00999999,0.022466227
1712,0.00999999,0.023929864
1713,0.00999999,0.022841647
1714,-0.0009999946,0.024086326
1715,0.00999999,0.015888691
1716,0.00999999,0.02362056
1717,0.00999999,0.01566638
1718,-0.035100013,0.022661358
1719,-0.025699988,-0.009961188
1720,0.0039999783,-0.00423532
1721,0.008100003,0.014407665
1722,0.00999999,0.0222103
1723,0.00999999,0.020869106
1724,0.00999999,0.02278845
1725,0.00999999,0.02351819
1726,0.00999999,0.019556567
1727,0.00999999,0.023941845
1728,0.00999999,0.02334845
1729,0.00999999,0.019465059
1730,0.00999999,0.024129733
1731,0.00999999,0.023509204
1732,0.00999999,0.02537772
1733,0.00999999,0.018942878
1734,0.00999999,0.024606496
1735,0.00999999,0.02390179
1736,0.00999999,0.022920012
1737,0.00999999,0.02304107
1738,0.00999999,0.025549069
1739,0.00999999,0.02673179
1740,0.00999999,0.024088293
1741,0.00999999,0.023863256
1742,0.00999999,0.022825778
1743,0.00999999,0.014620051
1744,0.058300003,0.021779135
1745,0.050300002,0.06270231
1746,0.103900015,0.05070609
1747,0.11559999,0.09117445
1748,0.070999995,0.105869696
1749,0.038899988,0.07305519
1750,0.06670001,0.036987394
1751,0.062399983,0.06536651
1752,0.09410003,0.06702532
1753,0.09109998,0.08913781
1754,0.029400006,0.08754118
1755,0.113199994,0.04321173
1756,0.11559999,0.10590725
1757,0.04810001,0.11261223
1758,0.05759999,0.06040831
1759,0.06190002,0.05784662
1760,0.00999999,0.06911807
1761,0.00999999,0.03086619
1762,0.00999999,0.024856612
1763,0.00999999,0.02973707
1764,0.00999999,0.029048592
1765,0.012199983,0.028709158
1766,0.010900006,0.0325381
1767,0.02700001,0.030988589
1768,0.029500008,0.031569198
1769,0.0238,0.039955974
1770,0.00999999,0.031376615
1771,0.00999999,0.016170725
1772,0.00999999,0.012564585
1773,0.00999999,0.0056118965
1774,-0.00850001,0.010498881
1775,0.001300022,0.00452663
1776,-0.0043000057,0.0060225874
1777,-0.01380001,0.00018127263
1778,-0.009800009,0.0016390085
1779,0.00999999,0.009950593
1780,0.00999999,0.024640694
1781,0.0063000172,0.021715567
1782,-0.015499994,0.023900092
1783,0.00999999,0.0015090108
1784,0.00999999,0.026322976
1785,0.00999999,0.02325207
1786,0.00999999,0.024767518
1787,0.00999999,0.024809495
1788,0.00999999,0.026184797
1789,0.00999999,0.020879343
1790,0.00999999,0.026501834
1791,0.00999999,0.015123725
1792,0.00999999,0.016939223
1793,-0.018700004,0.022347718
1794,0.0059000105,-0.0044807866
1795,0.00999999,0.01673305
1796,0.00999999,0.024923712
1797,0.00999999,0.024810031
1798,0.00999999,0.0217271
1799,0.00999999,0.026820168
1800,0.00999999,0.027013063
1801,0.009799987,0.01786834
1802,-0.022299998,0.024168044
1803,-0.005700007,0.0009046644
1804,0.00999999,0.00744313
1805,0.00999999,0.023310855
1806,0.00999999,0.016201705
1807,0.015699998,0.02542971
1808,0.023599997,0.029197633
1809,0.00999999,0.03327048
1810,0.00999999,0.022175744
1811,0.00999999,0.026268438
1812,0.00999999,0.02445598
1813,0.00999999,0.021706805
1814,0.00999999,0.013858169
1815,-0.03629999,0.018415555
1816,0.0010000169,-0.015244402
1817,-0.028399989,0.018054977
1818,0.0066000223,-0.0063653514
1819,-0.0251,0.02007477
1820,-0.028100006,-0.0038200244
1821,0.0066999793,-0.0031787083
1822,0.00999999,0.023303926
1823,0.00999999,0.022768736
1824,0.00999999,0.027925953
1825,0.00999999,0.025679871
1826,0.00999999,0.02226001
1827,0.0032000095,0.026999965
1828,-0.00030000508,0.015414521
1829,0.00999999,0.005540505
1830,0.026800007,0.02466783
1831,0.032600015,0.02795595
1832,0.00999999,0.04425229
1833,0.016500011,0.024290353
1834,0.027699977,0.029025525
1835,0.015699998,0.04047364
1836,0.00999999,0.030260772
1837,0.014899984,0.023421183
1838,0.019500017,0.029926792
1839,0.014899984,0.030907497
1840,0.03849998,0.02916348
1841,0.014200017,0.041656002
1842,0.00999999,0.029742077
1843,0.00999999,0.029196382
1844,0.00999999,0.028575405
1845,0.012099981,0.026218995
1846,0.010399997,0.030047402
1847,0.017399982,0.02334939
1848,0.022200018,0.026212335
1849,0.030999988,0.03546998
1850,0.018600002,0.039995804
1851,0.00999999,0.03118524
1852,0.0153999925,0.022464663
1853,0.00999999,0.026993975
1854,0.00999999,0.021968275
1855,0.00999999,0.02657868
1856,0.00999999,0.025557965
1857,0.00999999,0.026521146
1858,0.01700002,0.020794764
1859,0.00999999,0.029793441
1860,0.010199994,0.027060002
1861,0.021500006,0.02602914
1862,0.019300014,0.032749057
1863,0.012799993,0.035991758
1864,0.029400006,0.02676116
1865,0.016500011,0.041428193
1866,0.017100021,0.033984035
1867,0.016500011,0.032049
1868,0.018600002,0.033974513
1869,0.015199989,0.033693507
1870,0.039900005,0.026841134
1871,0.00999999,0.047542915
1872,0.00999999,0.02725786
1873,0.035100013,0.024318025
1874,0.00999999,0.04467036
1875,0.00999999,0.028089702
1876,0.038899988,0.024469033
1877,0.015299991,0.049589306
1878,0.00999999,0.02000025
1879,0.00999999,0.026573718
1880,0.00999999,0.01845257
1881,0.00999999,0.026129007
1882,0.04880002,0.025977463
1883,0.00999999,0.057105973
1884,0.00999999,0.0258573
1885,0.00999999,0.023636699
1886,0.00999999,0.027256966
1887,0.00999999,0.02426456
1888,0.00999999,0.0252686
1889,0.00999999,0.026647031
1890,0.00999999,0.025093362
1891,0.00999999,0.0199437
1892,0.00999999,0.019627199
1893,0.00999999,0.024477303
1894,0.00999999,0.013393834
1895,-0.029,-0.015586697
1896,-0.069600016,-0.015149094
1897,0.00999999,-0.05136808
1898,0.00999999,0.014852196
1899,0.00999999,0.02203162
1900,0.00999999,0.007658735
1901,0.00999999,0.008752227
1902,0.00999999,0.01974839
1903,0.00999999,0.014362782
1904,-0.0119,0.01796043
1905,-0.011200011,0.0051523
1906,0.00999999,0.0026154667
1907,-0.00850001,0.01834184
1908,0.008100003,0.0072154105
1909,0.00999999,0.015561506
1910,-0.014800005,0.018977657
1911,-0.0019000098,-0.0053776726
1912,-0.00999999,0.0012250096
1913,-0.017300002,0.0043661445
1914,0.009599984,-0.004382126
1915,0.0024999976,0.018310279
1916,-0.037700012,0.010865673
1917,-0.013600007,-0.016597576
1918,0.00999999,0.0023157299
1919,0.00910002,0.021194369
1920,0.00999999,0.0206936
1921,-0.013300002,0.01745899
1922,-0.018299997,0.0010664016
1923,-0.0033000112,-0.0015735626
1924,0.00999999,0.010494143
1925,-0.024100006,0.020689756
1926,0.0019999892,-0.0037857145
1927,0.0032000095,0.014028892
1928,0.00999999,0.015163735
1929,0.00999999,0.019449368
1930,0.0017999858,0.01720436
1931,0.00999999,0.010763302
1932,0.00999999,0.018791422
1933,0.005099997,0.011861667
1934,0.005800009,0.014644727
1935,0.00999999,0.016779765
1936,0.00999999,0.018462181
1937,0.00999999,0.020898163
1938,0.00999999,0.021637022
1939,0.00999999,0.011608914
1940,0.00999999,0.017794266
1941,0.00999999,0.021901712
1942,0.00999999,0.018193781
1943,0.00999999,0.02232778
1944,0.00999999,0.011161968
1945,0.00999999,0.018724456
1946,0.00999999,0.021182299
1947,0.00999999,0.022972539
1948,0.0086000115,0.022383526
1949,0.00999999,0.02178432
1950,0.009200022,0.023578763
1951,0.00999999,0.019478112
1952,0.00999999,0.018501073
1953,0.00999999,0.02282533
1954,0.009899989,0.021780834
1955,0.00999999,0.019054905
1956,0.00999999,0.022001132
1957,0.00999999,0.019413516
1958,0.00999999,0.018041521
1959,0.00999999,0.022784516
1960,0.00999999,0.014984652
1961,0.00999999,0.020677507
1962,0.00999999,0.021749675
1963,0.00999999,0.01774782
1964,0.0029000044,0.02191338
1965,0.00999999,0.011190087
1966,-0.022700004,0.017324477
1967,0.008300006,-0.0045458525
1968,0.00999999,0.02003029
1969,0.00999999,0.017442495
1970,0.00999999,0.020820335
1971,-0.0033000112,0.020547241
1972,0.00999999,0.009051114
1973,0.00999999,0.014741063
1974,0.00999999,0.021708593
1975,0.00999999,0.017188042
1976,0.00999999,0.0220128
1977,0.00999999,0.022360593
1978,0.00999999,0.017597705
1979,0.00999999,0.017609686
1980,0.00999999,0.01927413
1981,-0.010099992,0.0063921064
1982,-0.06520001,0.00052946806
1983,-0.03500001,-0.040227167
1984,-0.02049999,-0.016953416
1985,-0.026500002,-0.0031606033
1986,-0.0048999935,-0.00829234
1987,-0.00060001016,-0.0065256134
1988,0.00999999,-0.004824646
1989,0.024000004,-0.015677445
1990,0.016900018,0.0176792
1991,0.00999999,0.022275165
1992,0.00999999,0.022593454
1993,0.00999999,0.007748723
1994,0.00999999,0.013567954
1995,0.023099989,0.012193188
1996,0.022200018,0.029879406
1997,0.021900013,0.030047312
1998,0.016600013,0.028369814
1999,0.049000025,0.0245613
2000,0.00999999,0.04807587
2001,0.00999999,0.018875197
2002,0.00999999,0.016628042
2003,0.00999999,0.02225621
2004,0.00999999,0.02134037
2005,0.00999999,0.014024332
2006,0.00999999,0.021036297
2007,0.00999999,0.024105951
2008,0.00999999,0.017967135
2009,0.00999999,0.022106275
2010,0.00999999,0.025440753
2011,0.00999999,0.022252813
2012,0.00999999,0.02615337
2013,0.00999999,0.02480176
2014,0.00999999,0.022362873
2015,0.00999999,0.023664013
2016,0.00999999,0.0248141
2017,0.019300014,0.02163376
2018,0.011899978,0.02727954
2019,0.032100007,0.022593051
2020,0.025699988,0.038843974
2021,0.00999999,0.035697117
2022,0.019799978,0.022714779
2023,0.037400007,0.0317363
2024,0.021500006,0.046200693
2025,0.017799988,0.032572433
2026,0.014899984,0.028148353
2027,0.00999999,0.027274892
2028,0.022899985,0.022600561
2029,0.0140000135,0.018155336
2030,0.00999999,0.024342924
2031,0.00999999,0.023433343
2032,0.00999999,0.02312918
2033,0.00999999,0.023742422
2034,0.00999999,0.023517653
2035,0.00999999,0.023309916
2036,0.00999999,0.018810466
2037,0.00999999,0.018181577
2038,0.00999999,0.018375322
2039,0.00999999,0.023622215
2040,0.00999999,0.023391366
2041,0.00999999,0.014689922
2042,0.00999999,0.02255778
2043,0.00999999,0.023869514
2044,0.011200011,0.022203058
2045,0.00999999,0.025150672
2046,0.00999999,0.020480007
2047,0.00999999,0.018984899
2048,0.00999999,0.024456829
2049,0.00999999,0.019980624
2050,0.00999999,0.010951817
2051,0.00999999,0.022759974
2052,0.00999999,0.023872823
2053,0.00999999,0.022126883
2054,0.00999999,0.024584368
2055,0.00999999,0.023652658
2056,0.00999999,0.019845843
2057,0.00999999,0.022545218
2058,0.00999999,0.021038309
2059,0.019600019,0.019897386
2060,0.00999999,0.021032542
2061,0.00999999,0.020679966
2062,0.00999999,0.0149458945
2063,0.00999999,0.020748943
2064,0.00999999,0.021854997
2065,0.00999999,0.019885227
2066,0.00999999,0.019090533
2067,0.00999999,0.022306457
2068,0.00999999,0.0021785349
2069,0.00999999,0.017891183
2070,-0.0029000044,0.014732435
2071,0.00999999,-0.021501772
2072,-0.0423,0.011763185
2073,-0.018600002,-0.02311235
2074,-0.0007999912,-0.007079333
2075,-0.00020000339,0.009665787
2076,0.0020999908,0.010048628
2077,-0.00850001,0.003467515
2078,0.00999999,-0.00085457414
2079,0.006000012,0.0024453253
2080,-0.022700004,0.0019173324
2081,-0.018700004,-0.010006942
2082,0.004499987,-0.008332573
2083,-0.015199989,0.007049203
2084,-0.024599992,-0.0013052747
2085,0.003700018,-0.008945502
2086,0.00999999,0.0019216686
2087,0.005400002,0.010822713
2088,0.008700013,0.015369594
